Date,Close,Open,High,Low, Vol 
6/5/25,230.4,228,232,227.4," 868,580 "
6/4/25,226.2,231,231,225," 1,270,000 "
6/3/25,230.6,230,232,228.2," 909,640 "
6/2/25,229.4,228.6,232.6,227," 1,080,000 "
5/30/25,223,239,239.8,223," 4,330,000 "
5/29/25,238.4,238.8,240.4,237.4," 568,020 "
5/28/25,238.6,241.2,244.2,238.6," 882,070 "
5/27/25,240.2,241,242.8,239," 440,990 "
5/26/25,241,242.6,242.6,239.2," 564,650 "
5/23/25,242.8,240,242.8,238.2," 616,640 "
5/22/25,239,243.6,243.8,237.6," 742,730 "
5/21/25,243,239,244.2,239," 331,400 "
5/20/25,242,240,242.8,232," 1,090,000 "
5/19/25,240,243.6,245.6,238.4," 368,680 "
5/16/25,245,245,246,241.4," 763,800 "
5/15/25,245,241.4,245.8,239," 889,880 "
5/14/25,243.2,233,243.2,233," 1,560,000 "
5/13/25,233,233,233.6,227," 1,190,000 "
5/9/25,235,231.4,235,230.8," 606,110 "
5/8/25,231.4,235,238,230.4," 504,020 "
5/7/25,235,229.8,238.2,229.8," 644,290 "
5/6/25,229,228.2,231.8,227.4," 447,730 "
5/5/25,227.4,227,231.4,225," 770,890 "
5/2/25,226.6,228.8,231,226.4," 544,730 "
4/30/25,228.8,224,230.2,224," 1,370,000 "
4/29/25,224,224,227.6,224," 404,130 "
4/28/25,223.6,223.4,225,222.2," 547,360 "
4/25/25,225,227,227,220.6," 769,450 "
4/24/25,223.2,221,227.8,220.6," 386,520 "
4/23/25,220.2,226,226,220," 1,130,000 "
4/22/25,226.4,233.8,233.8,225.6," 649,390 "
4/21/25,233.8,234,235.4,230.8," 472,130 "
4/16/25,234,230.6,234.8,227.6," 562,970 "
4/15/25,230.6,222,230.8,222," 1,120,000 "
4/14/25,220.2,216.8,220.2,214," 545,770 "
4/11/25,216,216.4,217.8,208.2," 709,350 "
4/10/25,214.8,226,226,213.6," 1,300,000 "
4/8/25,217.2,209.2,218.2,209," 1,480,000 "
4/7/25,203,220,221.4,203," 2,570,000 "
4/4/25,224.2,224.2,228.2,222.6," 567,040 "
4/3/25,224,232,232,222.6," 2,410,000 "
4/2/25,231.2,240,240,230.4," 792,400 "
3/31/25,240,236,240,232.8," 710,980 "
3/28/25,233.4,233.8,238.6,233.4," 580,520 "
3/27/25,233,236.4,236.4,232," 904,680 "
3/26/25,233.6,234,237.8,233.6," 1,230,000 "
3/25/25,232.8,240,241.8,230.4," 1,390,000 "
3/24/25,240,240,242,238.2," 436,410 "
3/21/25,238,248,248,236.8," 1,780,000 "
3/20/25,248,250.4,253,247.4," 865,420 "
3/19/25,250.2,252,254.4,250," 861,050 "
3/18/25,251.8,260,260,250.4," 1,200,000 "
3/17/25,258,260,263,258," 332,000 "
3/14/25,260,257.8,263.8,255.2," 357,740 "
3/13/25,257.2,260,260,257," 821,190 "
3/12/25,260,262.6,262.6,252.8," 747,180 "
3/11/25,264,262,264,252.4," 1,350,000 "
3/10/25,264,252.8,264,252.8," 567,640 "
3/7/25,252.8,252,254.2,251.6," 530,690 "
3/6/25,252,252,257,252," 764,740 "
3/5/25,252,252,255,249," 1,100,000 "
3/4/25,252,257.2,257.2,252," 715,740 "
3/3/25,258,258.4,260.6,258," 468,920 "
2/28/25,257.2,265,265,257.2," 1,810,000 "
2/27/25,266,265,267,261.6," 638,470 "
2/26/25,268,260,268,255," 1,530,000 "
2/25/25,259,256,261.2,251," 881,670 "
2/24/25,254,258.6,259,252.4," 367,600 "
2/21/25,258.6,258,261,256," 443,910 "
2/20/25,258,253,259.8,251.8," 396,990 "
2/19/25,252.2,257,259.4,251," 650,620 "
2/18/25,257,253,260,253," 801,240 "
2/17/25,253,258,258,251.8," 233,530 "
2/14/25,259.2,261,261.8,253," 756,390 "
2/13/25,262.4,237,262.6,234," 3,620,000 "
2/12/25,237,232,237,232," 341,740 "
2/11/25,236,232.6,238.8,228.2," 647,000 "
2/10/25,232.6,239.6,239.6,232.6," 495,710 "
2/7/25,236.2,243,243,236," 586,100 "
2/6/25,243,245,246.6,241," 524,720 "
2/5/25,244.6,236,251,236," 1,030,000 "
2/4/25,235,231,237.8,229.2," 424,370 "
2/3/25,226,231,233.8,226," 1,010,000 "
1/31/25,222,236.6,236.6,222," 1,710,000 "
1/30/25,236.6,242,242,233," 394,630 "
1/28/25,242,238.2,243,237," 353,180 "
1/27/25,238.2,247.6,249.6,237.2," 568,930 "
1/24/25,247.6,248.2,250.4,242.2," 500,750 "
1/23/25,248.6,248,249.8,245," 237,370 "
1/22/25,245,247,248.4,242.4," 1,080,000 "
1/21/25,247,247,249,245.2," 126,850 "
1/20/25,247,247.4,248,246," 227,040 "
1/17/25,247,247.8,250,243.8," 693,970 "
1/16/25,242.6,253,256,242.6," 790,390 "
1/15/25,251.4,251.4,254.8,250.6," 526,930 "
1/14/25,251.4,255.2,259.4,250," 642,390 "
1/13/25,255,262.4,262.4,255," 830,230 "
1/10/25,262.4,264.6,265.8,261.6," 203,360 "
1/9/25,264.6,266,266,260.2," 208,460 "
1/8/25,267,264,267,261," 1,060,000 "
1/7/25,264,261,264.6,260," 450,170 "
1/6/25,261,266.6,266.8,260," 334,610 "
1/3/25,266.6,268,268,264.4," 279,930 "
1/2/25,268,268.8,269,261.2," 138,990 "
12/27/24,269,263,269.4,263," 498,640 "
12/26/24,262.8,264.4,264.6,257," 167,440 "
12/23/24,268.2,256.6,268.2,255," 362,450 "
12/20/24,256.4,258,263,256.4," 493,600 "
12/19/24,256,260.8,262,254," 458,910 "
12/18/24,260,260,266,258," 627,120 "
12/17/24,260,257.4,260,256.8," 519,220 "
12/16/24,257.2,260,262,256.2," 507,990 "
12/13/24,260,265,265,258.8," 367,810 "
12/12/24,265,268.8,268.8,261.2," 268,170 "
12/11/24,268.6,269.6,270,263," 441,510 "
12/10/24,270,260,270,260," 506,630 "
12/9/24,260,265,265,260," 322,420 "
12/6/24,266.8,262.8,267,261.4," 279,560 "
12/5/24,262.8,262.2,265.8,260," 271,080 "
12/4/24,262,263.2,270.6,262," 523,000 "
12/3/24,262,265,266.8,260.6," 338,200 "
12/2/24,265,258,265,255.6," 239,960 "
11/29/24,258,261.4,264.6,258," 489,100 "
11/28/24,261.2,271.8,271.8,260.4," 498,440 "
11/27/24,271.8,270,271.8,268," 255,100 "
11/26/24,271.6,274,274,268," 195,770 "
11/25/24,275.6,265,275.6,263.2," 780,360 "
11/22/24,265,270,270,263.2," 452,180 "
11/21/24,269.4,270,270,265.2," 547,900 "
11/20/24,274,265,274,265," 247,970 "
11/19/24,267.4,260,267.4,260," 362,190 "
11/18/24,260,260,264.8,258.2," 303,560 "
11/15/24,260,260,266,257.8," 721,930 "
11/14/24,258,260,261,257.2," 769,250 "
11/13/24,255,260,261.8,255," 499,520 "
11/12/24,259.4,261,267.2,258.4," 571,320 "
11/11/24,260,260,260.2,256.2," 200,130 "
11/8/24,260,264,264.8,258," 325,600 "
11/7/24,265,270,270,260," 352,020 "
11/6/24,271.2,270,273,269.2," 287,150 "
11/5/24,275,265,275,263," 214,210 "
11/4/24,264.2,267,268,264.2," 167,060 "
10/31/24,265.2,269,269,265," 464,800 "
10/30/24,270,265,270.4,262.2," 409,060 "
10/29/24,265,269,269,264," 338,740 "
10/28/24,269,271.6,271.6,266," 186,650 "
10/25/24,266.4,267,269.4,264.6," 210,610 "
10/24/24,267,274,274,266.2," 561,320 "
10/23/24,275.2,278.4,279,275.2," 282,720 "
10/22/24,278.6,276,279.6,275.8," 975,920 "
10/21/24,276,276.8,277.8,273.2," 100,840 "
10/18/24,276.8,277.6,277.6,274.2," 91,540 "
10/17/24,277.4,276.8,277.4,275.2," 182,200 "
10/16/24,276.8,276.8,277.6,275.2," 192,480 "
10/15/24,276.8,272.2,277.6,272.2," 571,800 "
10/14/24,275,272,277.6,272," 514,670 "
10/11/24,274,275,275,270," 360,070 "
10/10/24,275,274,276,270.8," 324,860 "
10/9/24,274.8,270,276,263.4," 734,720 "
10/8/24,273,275,276,273," 512,100 "
10/7/24,275,269.4,276,269.4," 1,170,000 "
10/4/24,269.4,270,272,269," 292,970 "
10/3/24,271,266.6,271,266.6," 290,190 "
10/2/24,266.6,267.4,267.8,265.6," 216,810 "
10/1/24,268.6,267,268.6,265," 220,650 "
9/30/24,268.6,267,270,266," 511,300 "
9/27/24,269,270,270.4,267.4," 341,390 "
9/26/24,270,269,270.4,264," 453,380 "
9/25/24,269,272,272.8,268," 906,650 "
9/24/24,272.8,272.6,273.6,270," 716,440 "
9/23/24,272.8,269.6,272.8,268.8," 804,060 "
9/20/24,270,259.8,270,259.8," 1,290,000 "
9/19/24,257,261,266.4,254.6," 835,320 "
9/18/24,262.8,260,263.4,257.4," 451,340 "
9/17/24,260,255,260.6,255," 475,040 "
9/16/24,255,254,257.2,253.4," 170,530 "
9/13/24,254,255.2,258,253.2," 306,760 "
9/12/24,256,250,257.6,250," 641,590 "
9/11/24,250,252,256.2,249," 933,030 "
9/10/24,252.6,253,257.6,252.2," 627,270 "
9/9/24,252,255,258.6,252," 287,620 "
9/6/24,255,255,260,254.6," 760,990 "
9/5/24,260,254,260,253.2," 587,780 "
9/4/24,254,258,258,252," 1,070,000 "
9/3/24,261,259.8,261.8,259.6," 591,230 "
9/2/24,260,259.8,262,258," 780,530 "
8/30/24,259.8,257.6,261.2,257.2," 1,610,000 "
8/29/24,257.6,255,258.6,254.8," 1,470,000 "
8/28/24,254.8,252.4,254.8,252.4," 290,320 "
8/27/24,252.4,254,254.8,250," 484,540 "
8/22/24,254,250,254.4,249.4," 525,920 "
8/21/24,250,246,251.6,246," 431,980 "
8/20/24,245.8,248.2,250.4,243.2," 876,320 "
8/19/24,248,251.8,254.4,247.2," 732,740 "
8/16/24,252.2,244.2,252.2,244," 2,180,000 "
8/15/24,244,243,245.4,242," 1,730,000 "
8/14/24,241.6,235.6,242.4,235.6," 2,160,000 "
8/13/24,234.6,231.2,234.6,230.2," 574,790 "
8/12/24,231,231,232,229.2," 241,080 "
8/9/24,231,229,231,227," 357,230 "
8/8/24,229,228.2,229.8,225.2," 328,480 "
8/7/24,226.8,226,228.6,224," 377,120 "
8/6/24,226,222.2,227.2,220.2," 372,020 "
8/5/24,222,229,229,221," 554,820 "
8/2/24,229.4,230,230.8,224.2," 700,560 "
8/1/24,232.8,230,232.8,229," 481,890 "
7/31/24,230,227,231.8,227," 494,770 "
7/30/24,227,227.6,228.8,225.6," 355,720 "
7/29/24,227.6,228.2,230.8,227.2," 343,030 "
7/26/24,228,225,228.6,225," 160,870 "
7/25/24,225,228.2,228.4,224," 286,450 "
7/23/24,229,229.8,229.8,227.8," 487,020 "
7/22/24,228,228,230.6,228," 336,790 "
7/19/24,229.4,229,232.8,227.6," 807,200 "
7/18/24,231.2,230,231.2,226.4," 346,710 "
7/17/24,231,229.6,231,225.8," 396,260 "
7/16/24,230,228.2,230.2,224.6," 997,300 "
7/15/24,230,227.2,230.6,226," 1,260,000 "
7/12/24,227.4,228,229.8,225," 484,820 "
7/11/24,227.2,225,228,223," 582,840 "
7/10/24,222,230,230,221.6," 1,220,000 "
7/9/24,230.8,232.8,232.8,229," 3,230,000 "
7/8/24,233,233.8,236.8,232," 638,950 "
7/5/24,234,231.4,236,231.4," 716,530 "
7/4/24,231.4,230.2,233.8,229.6," 384,620 "
7/3/24,230.2,229,231,227.2," 1,160,000 "
7/2/24,226.2,225.2,226.2,223," 44,960 "
7/1/24,225.2,226,226.4,222," 403,780 "
6/28/24,226,224.2,229.4,223," 1,070,000 "
6/27/24,224,222,225,220.2," 517,700 "
6/26/24,223,218,224.6,218," 343,970 "
6/25/24,218,218,219,217," 303,040 "
6/24/24,218,214,218,214," 725,500 "
6/21/24,211,217.2,221.6,211," 1,540,000 "
6/20/24,217.2,223,223,216," 852,880 "
6/19/24,223,224,224,219.4," 446,890 "
6/18/24,223.8,219,223.8,219," 464,710 "
6/14/24,219,222.4,222.8,218.4," 728,450 "
6/13/24,222.2,230,230.8,222.2," 421,140 "
6/11/24,230,229,230.8,227," 872,470 "
6/10/24,228.6,230,231.4,226.2," 295,320 "
6/7/24,230,228.2,231.4,226.2," 1,160,000 "
6/6/24,228.8,223,230.2,221.8," 702,710 "
6/5/24,223,223.8,223.8,220.2," 770,150 "
6/4/24,223.6,221,224,220.2," 267,220 "
6/3/24,224,216.8,224,216.6," 233,270 "
5/31/24,216.4,217.2,221.2,216.4," 2,730,000 "
5/30/24,216,221,223.8,216," 1,120,000 "
5/29/24,221,221,224.4,220.6," 295,140 "
5/28/24,220.2,228,228.2,220.2," 1,270,000 "
5/27/24,229.8,230,230,226," 194,420 "
5/24/24,230,229,230,227.6," 605,180 "
5/23/24,229,229.4,229.4,228," 537,820 "
5/22/24,229.4,229,229.8,225.2," 842,970 "
5/21/24,230,230,232,227," 469,970 "
5/20/24,230,227,232,227," 304,040 "
5/17/24,226,224,227.2,219.6," 1,510,000 "
5/16/24,224,223.4,224.6,220.4," 2,150,000 "
5/15/24,222,220.2,222,219.4," 421,710 "
5/14/24,219.2,220,222.8,218.6," 679,740 "
5/13/24,218.8,221.8,221.8,217.6," 848,670 "
5/10/24,222,223,224.4,220.2," 216,950 "
5/9/24,219.8,230,230,219," 779,790 "
5/8/24,221.8,223,226.8,221," 413,090 "
5/7/24,223,220,224.4,219," 564,920 "
5/6/24,219,220,220.4,217.4," 1,130,000 "
5/3/24,219,222,223.8,216.6," 1,510,000 "
5/2/24,226,234,234,225," 529,730 "
4/30/24,235.4,239,240,235," 379,280 "
4/29/24,240,238.4,240,235.2," 613,590 "
4/26/24,239,234.6,239,226.8," 378,240 "
4/25/24,235,232,236.8,228.8," 477,230 "
4/24/24,232,226.2,232,224.4," 757,000 "
4/23/24,222.8,215,226.8,215," 745,200 "
4/22/24,217,222,224.4,217," 349,820 "
4/19/24,220.2,227,230.8,216.2," 824,100 "
4/18/24,225,224,231,224," 298,360 "
4/17/24,223.6,222,230,221," 1,210,000 "
4/16/24,221,227,229,221," 845,400 "
4/15/24,227.6,233.8,233.8,227.2," 652,180 "
4/12/24,235.6,236.4,236.8,235," 848,740 "
4/11/24,235.2,235,239.8,234," 651,440 "
4/8/24,236,230.8,237,230.8," 489,260 "
4/5/24,230,232,237,230," 1,060,000 "
4/4/24,232.6,242,242,231.4," 1,900,000 "
4/3/24,242,244,244.6,241.6," 836,930 "
4/2/24,247.2,248.6,251,246.2," 1,030,000 "
4/1/24,248.6,252,256.4,244," 1,860,000 "
3/27/24,252.6,254,255.4,251.6," 2,050,000 "
3/26/24,254,257.4,257.4,252.2," 1,170,000 "
3/25/24,257.4,263.8,265,257.4," 393,990 "
3/22/24,264.2,262.8,264.6,262.2," 104,750 "
3/21/24,265,261,265,258.4," 921,990 "
3/20/24,259,267.8,269,259," 406,820 "
3/19/24,268,261.8,269.6,261.2," 1,110,000 "
3/18/24,260,258,262.4,258," 424,760 "
3/15/24,257.4,262.4,266.8,255.8," 1,600,000 "
3/14/24,268,264.2,269.4,264," 616,750 "
3/13/24,264.2,262,265,261.8," 382,920 "
3/12/24,262,260.4,263.8,259," 287,870 "
3/11/24,260,260.8,262.8,256.6," 557,970 "
3/8/24,264,256.8,264,256.2," 412,860 "
3/7/24,256,253,256.8,252.4," 334,450 "
3/6/24,253,255.4,259,252.6," 721,800 "
3/5/24,255,267,268.8,255," 396,620 "
3/4/24,267,272,273.2,267," 539,690 "
3/1/24,271.6,273,273.6,266," 528,400 "
2/29/24,273.8,272,273.8,263.2," 932,290 "
2/28/24,272,271.8,273.6,266.2," 1,000,000 "
2/27/24,271.8,267,271.8,263," 960,300 "
2/26/24,267,264.2,268.2,264.2," 200,690 "
2/23/24,264.2,258.8,265.6,258.8," 570,020 "
2/22/24,258.2,260,260.8,258," 918,260 "
2/21/24,261,259,261,258.8," 437,280 "
2/20/24,259,259.4,262,257," 529,700 "
2/19/24,259,259,260,255.4," 517,810 "
2/16/24,259,260,262,257," 786,530 "
2/15/24,257,256,260.8,256," 590,080 "
2/14/24,255,257,257,252.4," 860,820 "
2/13/24,258,257.8,261.8,257.8," 143,570 "
2/12/24,257.6,261.6,262,257.2," 359,200 "
2/8/24,261.4,265,268,261.2," 282,030 "
2/7/24,262.8,260.6,268,260.6," 549,700 "
2/6/24,260.6,261.2,263,258," 571,990 "
2/5/24,261.2,259.8,262,257.4," 290,560 "
2/2/24,259.8,254,262.4,253.8," 620,030 "
2/1/24,254,253.8,256.8,252," 378,020 "
1/31/24,254,259,262.8,254," 1,030,000 "
1/30/24,259,262.4,263.2,258.8," 452,570 "
1/29/24,264,274.2,275,264," 795,730 "
1/26/24,274.6,270.2,276.4,270.2," 848,440 "
1/25/24,270.2,271,273,269.2," 741,180 "
1/24/24,270,263,270.6,262," 1,040,000 "
1/23/24,263,260,264,260," 251,720 "
1/22/24,259.8,266,266,259," 548,260 "
1/19/24,267,260,267,257.6," 323,310 "
1/18/24,261,261,261.6,258.4," 1,040,000 "
1/17/24,261.6,262.8,263,260.2," 572,320 "
1/16/24,263,266,266,260.2," 591,600 "
1/15/24,266.8,264,267,260," 1,150,000 "
1/12/24,265,260,265,259.8," 1,910,000 "
1/11/24,259.8,250,260,249," 1,130,000 "
1/10/24,250,253,254,250," 456,160 "
1/9/24,253,257.2,258.2,253," 487,960 "
1/8/24,257,257,258.8,256.2," 384,880 "
1/5/24,258,255.8,258.6,253.2," 657,440 "
1/4/24,256,254,256.2,252," 744,030 "
1/3/24,254.6,255.2,256.8,252.6," 773,060 "
1/2/24,255,252.2,255,250," 374,020 "
12/29/23,251.4,249.6,252.2,248.4," 966,280 "
12/28/23,249.8,246,249.8,245.8," 343,830 "
12/27/23,247,247.2,249,245," 102,100 "
12/22/23,250,242,250,240.2," 456,170 "
12/21/23,242,242,242.2,237," 206,600 "
12/20/23,242,247.8,247.8,242," 156,270 "
12/19/23,247.8,251.2,251.2,245," 443,990 "
12/18/23,251.6,246,252,243.4," 1,400,000 "
12/15/23,246,244,246,243.2," 533,940 "
12/14/23,245,236.6,246.4,236.6," 874,630 "
12/13/23,236,239.2,240.8,236," 334,160 "
12/12/23,239.2,238,241.2,237.4," 331,160 "
12/11/23,238.8,235.6,239,234.2," 191,020 "
12/7/23,235.8,240,240,234.2," 243,970 "
12/6/23,241,244.6,244.8,239.2," 272,550 "
12/5/23,245,245,246.8,240.6," 732,230 "
12/4/23,244,233.8,244,233," 1,270,000 "
12/1/23,233.8,229.6,234,228," 607,990 "
11/30/23,226.6,233.8,234.8,226.6," 2,080,000 "
11/29/23,233.8,238.2,238.6,232.8," 1,880,000 "
11/28/23,234.8,238.4,238.6,233.4," 1,370,000 "
11/24/23,238.4,238.8,240.4,236," 1,100,000 "
11/23/23,238.8,238,241.8,238," 940,490 "
11/22/23,240,235.4,240,235.4," 1,300,000 "
11/21/23,238,228,238,228," 2,260,000 "
11/20/23,227,230,230,226," 346,560 "
11/17/23,230,225,230,224.2," 1,070,000 "
11/16/23,225,218.2,225,217.2," 1,090,000 "
11/15/23,217,219,220.2,216.6," 704,890 "
11/14/23,218,215,219.6,214.8," 253,700 "
11/13/23,214,216.6,218.2,213.4," 187,380 "
11/10/23,216.4,218.4,220,215.2," 423,210 "
11/9/23,218.4,220,221,217.2," 636,360 "
11/8/23,219.8,211.8,219.8,211.4," 2,780,000 "
11/7/23,210.6,209,211.4,207.6," 411,840 "
11/6/23,207.6,210,214.8,206.2," 908,620 "
11/3/23,209,208,211.6,204," 972,760 "
10/31/23,205,209.4,212,204.2," 1,340,000 "
10/27/23,209.2,214.6,214.6,208.4," 671,230 "
10/26/23,214.6,213.8,215.8,211.4," 285,490 "
10/25/23,214,213,215.8,212.4," 627,990 "
10/24/23,211,210.2,214,210.2," 261,780 "
10/23/23,210,215.2,215.6,209.8," 910,590 "
10/20/23,215.2,220.8,220.8,215.2," 1,250,000 "
10/19/23,220.8,223,224,220.4," 1,090,000 "
10/18/23,224,219,224.8,219," 424,030 "
10/17/23,219,218,220.6,217.4," 402,750 "
10/16/23,218,220.8,222.8,218," 1,140,000 "
10/13/23,220.6,222,224.8,220.6," 306,970 "
10/12/23,222.2,220.6,226,219.2," 496,960 "
10/11/23,220.6,226,226,220.2," 1,070,000 "
10/10/23,226,221,227,221," 575,030 "
10/9/23,219,222,222.6,219," 382,810 "
10/6/23,221,220.4,224,218.8," 573,630 "
10/5/23,220,224,224.6,220," 890,060 "
10/4/23,223.2,227.8,228,222.6," 805,600 "
10/3/23,227,228,229.8,225.2," 476,470 "
10/2/23,227.8,230,231,227.8," 831,750 "
9/29/23,229.4,230,233,229.2," 438,220 "
9/28/23,230,228.8,231.8,227.4," 610,310 "
9/27/23,228.8,227,230.8,225.2," 840,350 "
9/26/23,227,226,231.2,226," 670,930 "
9/25/23,226,226,228,225," 168,790 "
9/22/23,226,226.2,227.2,224," 397,190 "
9/21/23,226.2,225.4,227.6,225.4," 224,890 "
9/20/23,225.2,229.6,230,225.2," 426,180 "
9/19/23,229.6,229.8,233,228.8," 344,330 "
9/18/23,230,230.2,231.2,229," 370,190 "
9/15/23,228.2,233,234,228.2," 377,360 "
9/14/23,232.4,231,233.6,230," 208,960 "
9/13/23,230,238,238,230," 581,910 "
9/12/23,238,237,239.2,235.8," 264,690 "
9/11/23,237,233,238.6,232.4," 280,630 "
9/8/23,233,234,235,230.8," 680,730 "
9/7/23,234.2,237,237.2,234.2," 1,380,000 "
9/6/23,237,236.2,239,236.2," 399,710 "
9/5/23,236.2,239,239.6,236," 322,190 "
9/4/23,238.8,240,241,238.8," 72,330 "
9/1/23,240,240.2,242,237," 523,000 "
8/31/23,237,242,243.2,237," 983,460 "
8/30/23,244.4,239,245,238," 419,930 "
8/29/23,239,239.2,239.4,238," 190,760 "
8/25/23,239.8,241,241.8,238.6," 301,350 "
8/24/23,243,241,244.2,240.6," 420,940 "
8/23/23,241,240.2,243.6,239.2," 521,410 "
8/22/23,239,243.6,245,239," 535,290 "
8/18/23,243.8,250,250.4,243.8," 284,130 "
8/17/23,250,250.8,250.8,248.2," 899,650 "
8/16/23,250.8,247,251.6,246.6," 777,950 "
8/15/23,246.2,245,247,243.8," 616,980 "
8/14/23,247.6,247.8,249.6,242.8," 349,200 "
8/11/23,247.8,249,253,247.8," 611,520 "
8/10/23,249,253,253,247.2," 832,560 "
8/9/23,253,253.2,254.2,251.2," 347,620 "
8/8/23,253.2,254,257,253.2," 373,270 "
8/7/23,254,260,260,254," 248,980 "
8/4/23,260,256,260,256," 600,430 "
8/3/23,259.6,254,259.8,254," 243,990 "
8/2/23,253.6,261,261,252.4," 306,300 "
8/1/23,261,256.2,261,255.2," 411,560 "
7/31/23,255,252.8,260.4,252.8," 847,680 "
7/28/23,252,257,257,251.2," 353,910 "
7/27/23,259,257,259,255.6," 429,090 "
7/26/23,259.2,256,259.4,253.8," 706,980 "
7/25/23,259.8,258,261.4,258," 956,060 "
7/24/23,258,256,259,255.6," 300,740 "
7/21/23,255.6,258,259,255.6," 920,360 "
7/20/23,258.8,255,259.6,254," 1,500,000 "
7/19/23,255,250,255,250," 893,070 "
7/18/23,250,250,254.4,249.2," 598,460 "
7/17/23,250,253,253,250," 478,720 "
7/14/23,254.2,252.6,254.2,249.8," 833,960 "
7/13/23,253,244,257,243.8," 2,960,000 "
7/12/23,243.6,238,243.8,237.2," 541,510 "
7/11/23,236,236,241.8,235.4," 833,210 "
7/10/23,236,240.2,242,234.8," 346,170 "
7/7/23,240.2,241,241.8,240.2," 147,970 "
7/6/23,241,241.2,241.8,240.6," 625,890 "
7/5/23,242.8,242.8,242.8,240.2," 227,060 "
7/4/23,242.8,240.4,242.8,240," 252,400 "
7/3/23,240.4,239,241.4,237.8," 1,580,000 "
6/30/23,239.2,238.8,240.2,237.8," 722,200 "
6/29/23,238.6,238.6,242,238.4," 583,490 "
6/27/23,238.6,242,244,238.6," 826,410 "
6/26/23,241.8,240.4,243,240.2," 328,120 "
6/23/23,240.2,242,242,240.2," 130,160 "
6/22/23,241.4,240.2,242,239.2," 341,600 "
6/21/23,240,240,244.8,240," 943,600 "
6/20/23,240,240,240.2,239," 378,370 "
6/19/23,240,236.2,240,236," 399,730 "
6/16/23,240,233.2,240,233.2," 932,230 "
6/15/23,234.8,234.6,235,233," 267,190 "
6/14/23,234.6,235,235,233," 138,210 "
6/13/23,235,235,235.6,233.6," 281,510 "
6/9/23,235.6,235,236,234.4," 325,880 "
6/8/23,235.4,233,235.6,232.4," 330,200 "
6/7/23,233,231,233,231," 232,980 "
6/6/23,231,232,233,230," 391,730 "
6/5/23,232,235,236,232," 309,320 "
6/2/23,235,233.4,235.4,231," 264,240 "
6/1/23,230.4,235.6,235.6,230.2," 363,880 "
5/31/23,235.6,236.6,236.6,230.2," 2,200,000 "
5/30/23,236.6,237,237.8,236," 521,390 "
5/29/23,237,234,237,233.2," 354,550 "
5/26/23,232.6,234,236,231," 355,090 "
5/25/23,234,231,235.8,231," 893,350 "
5/24/23,230,227,231.4,227," 459,860 "
5/23/23,229,232,233,228.2," 655,150 "
5/22/23,231.6,232.8,233,230.4," 663,410 "
5/19/23,232.6,232.6,235.2,231.2," 443,040 "
5/18/23,232.4,227.2,234,227.2," 560,040 "
5/17/23,227,225.6,229.4,224.6," 872,060 "
5/16/23,226,222.4,226,222.4," 409,900 "
5/15/23,222.6,222.6,224.2,222.4," 431,680 "
5/12/23,222.6,225.2,225.4,222.6," 263,110 "
5/11/23,224.2,224,225,223," 323,910 "
5/10/23,223.6,225,225,223.2," 667,000 "
5/9/23,225,225,225,223," 180,240 "
5/8/23,225,226.8,227.2,225," 369,550 "
5/5/23,226,225.6,228,225.6," 241,730 "
5/4/23,225,224,227.6,224," 393,570 "
5/3/23,224,226,228.4,224," 741,250 "
5/2/23,225.6,224,226,223.6," 380,150 "
4/28/23,225,219,225,219," 691,140 "
4/27/23,219,220,220.6,219," 135,440 "
4/26/23,219.2,221,221,217," 446,860 "
4/25/23,220,221,221.2,218," 243,760 "
4/24/23,221,219.4,221,217.2," 622,270 "
4/20/23,217.2,219.6,219.6,216.8," 303,160 "
4/19/23,219.8,217,219.8,216.2," 294,630 "
4/18/23,217,220,220,215.2," 319,730 "
4/17/23,219.6,215,219.6,214.8," 494,920 "
4/14/23,214.6,213.2,216,212.8," 483,840 "
4/13/23,212.8,213,215,212," 1,150,000 "
4/12/23,212.2,216,217,212.2," 784,040 "
4/11/23,216.2,223,223,215.2," 1,180,000 "
4/5/23,223,226,227,223," 247,650 "
4/4/23,226,227,229,225," 578,830 "
4/3/23,226,224.6,226,220.2," 230,390 "
3/31/23,224,223.4,225,222.2," 518,640 "
3/30/23,224,219.2,224,218.6," 386,440 "
3/29/23,219,224.2,224.2,218.6," 1,100,000 "
3/28/23,223.6,227,227,222.6," 372,930 "
3/27/23,226,225.2,227,222.6," 122,010 "
3/24/23,225.2,223.2,226.6,223," 528,460 "
3/23/23,223,226.8,227,223," 750,790 "
3/22/23,227,225,229,225," 725,310 "
3/21/23,224.4,222.2,224.8,222.2," 320,960 "
3/20/23,222,223,226,221," 1,290,000 "
3/17/23,223,219,224,218.6," 1,280,000 "
3/16/23,215,223.8,225,212," 1,070,000 "
3/15/23,224,220,226.8,220," 384,920 "
3/14/23,219,227,227,219," 579,490 "
3/13/23,227.2,226.2,228,226," 366,930 "
3/10/23,226.2,230,231,226.2," 325,460 "
3/9/23,230,232,234.8,229.4," 264,600 "
3/8/23,230,232,232.2,229.4," 552,860 "
3/7/23,232.2,232,235,232," 400,860 "
3/6/23,232,234,237,232," 307,760 "
3/3/23,234,231.4,236.4,231.4," 473,500 "
3/2/23,231,238,241.2,231," 616,590 "
3/1/23,238,239,239,236," 367,530 "
2/28/23,240,235.4,240,235.2," 1,010,000 "
2/27/23,235.2,237,238,234.2," 715,530 "
2/24/23,238,240,240,237.2," 420,400 "
2/23/23,238,240,240,237.2," 420,400 "
2/22/23,240,241.8,241.8,237.4," 295,660 "
2/21/23,242,237.2,242,235.6," 178,930 "
2/20/23,237,240,240,237," 235,260 "
2/17/23,240.2,236.4,240.2,235.6," 323,190 "
2/16/23,238.6,239,242.4,236," 223,610 "
2/15/23,238.4,240.6,240.8,235.6," 401,450 "
2/14/23,241,240.2,244.4,240," 595,470 "
2/13/23,239.8,238.8,241.6,238.2," 515,350 "
2/10/23,238.8,240.8,241,238," 505,680 "
2/9/23,240.8,241,241.2,239," 207,970 "
2/8/23,242,239,243,238.2," 214,070 "
2/7/23,238,241.6,242.8,238," 629,970 "
2/6/23,245,245.4,245.6,240.4," 440,640 "
2/3/23,245,241.6,245,241," 1,520,000 "
2/2/23,242,244,244,241," 711,080 "
2/1/23,245,238,245,237.2," 848,770 "
1/31/23,238,240,241,235," 2,220,000 "
1/30/23,240,242,244.4,240," 598,600 "
1/27/23,241.4,241.4,245,240.4," 769,230 "
1/26/23,241.4,244,244.4,241.4," 217,300 "
1/25/23,244,245.6,247,243," 1,340,000 "
1/24/23,246,242.8,247.6,242.8," 507,690 "
1/23/23,242.6,245,246,241.2," 684,260 "
1/20/23,245,248,248,244.4," 1,030,000 "
1/19/23,248,249.8,250,247," 1,340,000 "
1/18/23,250,250,252,248.2," 868,660 "
1/17/23,252,249.8,252,246," 1,190,000 "
1/16/23,248,245.2,252,245.2," 1,310,000 "
1/13/23,245,243.2,246.8,242.4," 1,750,000 "
1/12/23,242,240.2,243,239.6," 1,390,000 "
1/11/23,241.6,241,242,235," 1,150,000 "
1/10/23,241,246,246,241," 772,810 "
1/9/23,242,247,247,240.2," 661,600 "
1/6/23,242,240.6,244.6,240.4," 984,230 "
1/5/23,248,244,248,238," 567,120 "
1/4/23,242.8,237.2,244,237.2," 686,460 "
1/3/23,236,230,237,230," 213,720 "
12/29/22,230,232,232,229.4," 500,210 "
12/28/22,230,229,232.6,229," 659,040 "
12/27/22,229,231,233,227," 792,850 "
12/23/22,230,230.6,235,230," 618,820 "
12/22/22,230.2,234,239.4,230.2," 557,630 "
12/21/22,230,230.8,235,230," 601,430 "
12/20/22,230.8,235,235,229.6," 686,650 "
12/19/22,235,230,237.8,229," 849,110 "
12/16/22,231,233,235,230.2," 1,180,000 "
12/15/22,233,233.8,238,231.8," 689,560 "
12/14/22,233.8,236,240.6,233.4," 1,180,000 "
12/13/22,235,244,246,234," 1,770,000 "
12/12/22,242,237,245.8,237," 696,670 "
12/9/22,236.8,237.6,239.8,232," 1,100,000 "
12/7/22,237,246.4,246.4,236.6," 860,660 "
12/6/22,246.6,239.8,246.8,236.4," 1,210,000 "
12/5/22,236.4,237,243.8,236.4," 858,880 "
12/2/22,237,242,246.6,237," 797,740 "
12/1/22,240.6,248.4,252.4,239.8," 2,420,000 "
11/29/22,245,249,249,241.6," 4,930,000 "
11/28/22,249,252,255.2,248.8," 974,870 "
11/25/22,252,253.6,255.6,250.4," 862,060 "
11/24/22,254,256,259,253.6," 859,180 "
11/23/22,256,257,259.6,252.4," 1,100,000 "
11/22/22,256,251.8,259,250.2," 1,880,000 "
11/21/22,252,244,252,244," 2,290,000 "
11/18/22,244,243,247,241.6," 1,000,000 "
11/17/22,242,243,243,239.8," 670,310 "
11/16/22,243,248,248,238," 1,310,000 "
11/15/22,248,243.2,248,242.4," 907,240 "
11/14/22,247.8,239.6,247.8,238.6," 1,160,000 "
11/11/22,238.4,236,241.4,233.6," 923,630 "
11/10/22,233,235.4,235.6,230.6," 676,110 "
11/9/22,233,229.8,235.6,229.2," 390,420 "
11/8/22,228.6,230,236,226," 725,610 "
11/7/22,229,228,230.6,224.2," 732,880 "
11/4/22,228.2,228.4,230,225," 361,280 "
11/3/22,228,227,231,227," 365,090 "
11/2/22,226.8,233.6,233.8,225.6," 619,720 "
10/28/22,232,232,232.4,230.6," 355,440 "
10/27/22,232,229,233.4,227.2," 386,330 "
10/26/22,229,225.4,230,224.8," 249,990 "
10/25/22,225.2,224.6,227,224.2," 438,150 "
10/24/22,224.8,229,230.6,224.8," 653,560 "
10/21/22,225.4,230.4,232.2,225," 511,650 "
10/20/22,230.4,234.6,237,228," 650,360 "
10/19/22,235,232.4,239,231," 570,590 "
10/18/22,232.6,234,235,232," 429,840 "
10/17/22,232,230,235,230," 469,000 "
10/14/22,231,232,233,230.4," 317,670 "
10/13/22,231.6,233,233,230," 574,650 "
10/12/22,233,233,233,230.4," 1,120,000 "
10/11/22,233,227,236,227," 610,070 "
10/10/22,228,231,234.4,228," 248,740 "
10/7/22,231,235,238,231," 791,050 "
10/6/22,234.8,236.6,240,232.2," 497,420 "
10/5/22,238,240.6,242,236.4," 1,100,000 "
10/4/22,240,236,241,236," 698,150 "
10/3/22,234.2,233.2,234.6,230.4," 619,300 "
9/30/22,229,233,233,228," 593,840 "
9/29/22,234,229,235,229," 898,830 "
9/28/22,228.4,229,229,224," 651,350 "
9/27/22,229,235,235,228," 801,240 "
9/26/22,236,237,237,235," 551,590 "
9/23/22,236,237,237,235," 551,590 "
9/22/22,237,237,237,234.6," 788,570 "
9/21/22,238,244,244,237.2," 1,070,000 "
9/20/22,244,246,246,243," 567,380 "
9/19/22,242,250,250,242," 470,650 "
9/16/22,250,246.8,250,243," 920,200 "
9/15/22,247.4,242.6,247.4,242," 1,060,000 "
9/14/22,244.8,243.2,244.8,241.2," 264,570 "
9/13/22,247,245.2,247,241," 189,920 "
9/12/22,246.4,246,246.8,245.2," 329,580 "
9/9/22,246,247.8,247.8,245.2," 134,100 "
9/8/22,247.8,244,249.2,243.6," 697,070 "
9/7/22,244.4,247.6,247.6,244," 1,000,000 "
9/6/22,247.6,248.8,248.8,246," 464,320 "
9/5/22,248.8,247,249.4,247," 993,360 "
9/2/22,245.8,240,246,240," 1,280,000 "
9/1/22,239.8,239.6,239.8,236.4," 270,890 "
8/31/22,239.6,240,240,237.8," 412,670 "
8/30/22,240,233,240,233," 684,810 "
8/26/22,237,234,237,229.2," 638,470 "
8/25/22,234,233.8,237.8,232.4," 486,530 "
8/24/22,231,231,234.8,229," 473,880 "
8/23/22,231,233,233.4,225.4," 468,030 "
8/22/22,233,230,236.8,230," 466,880 "
8/19/22,228,233.6,234.8,228," 371,680 "
8/18/22,233.6,227,233.6,227," 440,880 "
8/17/22,227,235,235,227," 709,300 "
8/16/22,237.4,233,237.4,231.4," 673,470 "
8/15/22,233.2,231.2,233.6,230," 729,120 "
8/12/22,232,231.2,235,227," 562,250 "
8/11/22,233,216.8,233,216.8," 1,610,000 "
8/10/22,218,218.8,218.8,216.4," 212,720 "
8/9/22,219,215,219,214.8," 449,310 "
8/8/22,214.8,215,216,212.8," 448,750 "
8/5/22,214.8,212,216.4,212," 963,460 "
8/4/22,212.4,210,212.8,207.8," 290,990 "
8/3/22,211,205.8,211,205.2," 381,510 "
8/2/22,205,205.4,207.4,204.8," 322,110 "
8/1/22,205.4,202,209,202," 488,740 "
7/29/22,201.2,207,207,199.3," 593,940 "
7/28/22,207,205.8,208.4,205.4," 339,070 "
7/27/22,203.8,205.4,206,201.2," 363,490 "
7/26/22,206.2,207.2,207.2,205," 345,020 "
7/25/22,207.2,210.6,210.6,206.6," 155,210 "
7/22/22,210.6,214,214,210," 134,000 "
7/21/22,214,213,215.8,210," 299,680 "
7/20/22,212.8,210.4,214,210.4," 348,270 "
7/19/22,210.2,212.4,212.4,209.6," 254,010 "
7/18/22,212.4,213.8,213.8,211," 178,520 "
7/15/22,216,212,216,209," 282,760 "
7/14/22,212.8,212,212.8,210.4," 298,740 "
7/13/22,212.6,213,214.6,207," 390,490 "
7/12/22,212.4,214,214,211.8," 172,230 "
7/11/22,214,216.8,216.8,210.8," 248,710 "
7/8/22,217,205.2,217,205," 646,240 "
7/7/22,205,208,210.6,202.2," 428,740 "
7/6/22,207,201.2,207.8,201.2," 416,660 "
7/5/22,200.8,203,203,200.2," 184,470 "
7/4/22,203.2,205,205,201," 551,770 "
7/1/22,205,203.6,205,200," 696,040 "
6/30/22,203.6,202.4,204,199," 506,630 "
6/29/22,202,200.8,203,200.8," 631,010 "
6/28/22,200,200.8,201,198.5," 621,470 "
6/27/22,200,200,202,200," 385,980 "
6/24/22,200,193,200,192.9," 521,900 "
6/23/22,193,195,195.6,192.6," 368,490 "
6/22/22,195,196.9,197.9,195," 467,360 "
6/21/22,196.8,197,198.8,194.5," 487,410 "
6/20/22,196,195,196,192," 409,950 "
6/17/22,192,198.2,198.2,192," 852,320 "
6/16/22,200.2,199,202.6,197," 325,760 "
6/15/22,199,199.5,203.6,199," 540,080 "
6/14/22,199.5,199.8,200,196.8," 372,010 "
6/13/22,200.6,202,203.2,197.4," 696,690 "
6/10/22,201,208.6,208.6,201," 597,540 "
6/9/22,209,209.6,209.6,206," 313,030 "
6/8/22,210.2,204,210.2,202.6," 575,810 "
6/7/22,203,201.2,205.8,201.2," 450,560 "
6/6/22,201.2,206.4,207.6,200.4," 1,120,000 "
6/3/22,206.4,208,208,205.8," 610,490 "
6/2/22,208,208.6,210.6,207.4," 369,030 "
6/1/22,208.6,209.6,210,208.4," 564,920 "
5/31/22,209.4,210.6,210.6,208.6," 2,610,000 "
5/30/22,210.6,213,213,209.6," 916,630 "
5/27/22,213,214,216,212," 798,060 "
5/26/22,213,210.4,213,210," 1,200,000 "
5/25/22,210.4,208,211.4,207.6," 300,510 "
5/24/22,208,210,210,207.4," 249,870 "
5/23/22,210,212.4,214.6,210," 409,300 "
5/20/22,212.4,210,214,210," 510,500 "
5/19/22,210,213.4,213.4,208," 649,610 "
5/18/22,212.2,207.2,213.2,207," 1,000,000 "
5/17/22,207,210,210.6,203.2," 895,610 "
5/16/22,210,210.2,215,210," 336,680 "
5/13/22,210,211.2,217,210," 754,370 "
5/12/22,210.2,219.2,220,210," 726,510 "
5/11/22,217.2,215.2,224,212.4," 522,760 "
5/10/22,215.2,214.8,217,203," 949,080 "
5/6/22,217.4,222.8,222.8,217," 343,670 "
5/5/22,224,221.8,226,220," 400,330 "
5/4/22,222,220,222,216," 269,290 "
5/2/22,220,215,222.6,214.2," 468,060 "
4/29/22,215,220.8,222,215," 504,060 "
4/28/22,220.8,218,221.8,216.6," 355,200 "
4/27/22,218.8,219,220,215.8," 401,650 "
4/26/22,220.2,217.6,222,217," 498,540 "
4/25/22,217.6,219.8,219.8,216," 559,400 "
4/22/22,219.8,224,224,218.6," 825,920 "
4/21/22,224,230,230,223.4," 349,100 "
4/20/22,229.6,229,230,227.8," 302,040 "
4/19/22,228,220.4,228,220," 286,350 "
4/18/22,220.4,220,221,219," 176,240 "
4/13/22,219,216.4,221.4,216.4," 190,610 "
4/12/22,216.4,219,223,215.4," 647,970 "
4/11/22,219,219.8,221.6,219," 331,880 "
4/8/22,219.4,220.6,224.6,219.4," 349,220 "
4/7/22,220,231.4,231.4,220," 496,560 "
4/6/22,231.6,229.8,231.6,225," 565,420 "
4/5/22,229.8,228,229.8,225," 437,810 "
4/4/22,228,222,228.6,222," 385,320 "
4/1/22,222,225,225,221," 465,950 "
3/31/22,225,224,227.8,223," 849,090 "
3/30/22,224,221,224,220.4," 363,720 "
3/29/22,220.6,219.8,220.6,214," 425,050 "
3/28/22,219.8,214.2,220,214.2," 354,140 "
3/25/22,214,214,216,212.2," 333,260 "
3/24/22,213,211,213.6,210.4," 1,050,000 "
3/23/22,210.4,205.6,212.2,205.6," 824,150 "
3/22/22,205,213,214.2,202.2," 1,940,000 "
3/21/22,212,218.2,219.2,212," 822,950 "
3/18/22,216,225,225.6,216," 1,670,000 "
3/17/22,225,228.2,229.4,224.8," 643,910 "
3/16/22,227,228,228.2,223.6," 992,640 "
3/15/22,228,218.4,229.4,211," 1,250,000 "
3/14/22,218.4,230,231.8,216.8," 1,140,000 "
3/11/22,230,239.8,239.8,230," 791,650 "
3/10/22,239.8,236,240,233," 719,250 "
3/9/22,230.8,222.6,234.8,222.4," 766,890 "
3/8/22,222.6,237,237.6,222.6," 1,090,000 "
3/7/22,238,241,241,231.2," 514,950 "
3/4/22,241,243,243.6,239.2," 602,070 "
3/3/22,242.8,238.8,243.4,238.6," 274,550 "
3/2/22,238.8,240,242,238.6," 321,780 "
3/1/22,240,241.4,245,240," 331,970 "
2/28/22,241,236,245,236," 1,150,000 "
2/24/22,236,246.2,246.8,234," 989,690 "
2/23/22,246.2,247,249,244.2," 482,730 "
2/22/22,249.8,244.4,250,243.8," 445,530 "
2/21/22,248,247.2,248,241.2," 404,200 "
2/18/22,247,251,251.4,245.4," 530,290 "
2/17/22,252,250,252,249.4," 466,560 "
2/16/22,251,249,251,247.2," 828,450 "
2/15/22,248.8,247.2,249,246," 483,040 "
2/14/22,249,240,249,240," 1,390,000 "
2/11/22,240,244.6,245,238," 1,220,000 "
2/10/22,244,242.8,244,239.2," 959,820 "
2/9/22,241.6,241,241.6,239," 569,570 "
2/8/22,240,236,240.8,235.2," 363,960 "
2/7/22,236,237.6,237.6,234," 212,550 "
2/4/22,237.6,235.4,237.6,230.6," 421,830 "
2/3/22,235,244.4,244.4,235," 299,260 "
2/2/22,244.4,239.8,245,239.4," 691,720 "
1/31/22,240,236.6,240,236," 545,400 "
1/28/22,236.6,231,236.6,230.2," 693,640 "
1/27/22,232,231.6,232,228.2," 169,430 "
1/26/22,232,232,232.2,227," 564,050 "
1/25/22,232.8,229,233,228.2," 554,180 "
1/24/22,229,228,229,226.2," 273,910 "
1/21/22,230.4,227,231.6,223.2," 516,520 "
1/20/22,229,230,230,228," 205,180 "
1/19/22,230.4,228.8,230.4,225.4," 465,290 "
1/18/22,230,225,231,225," 434,710 "
1/17/22,225,229,229,225," 221,500 "
1/14/22,229,229,231,226," 378,250 "
1/13/22,230.6,222,230.8,221.8," 1,100,000 "
1/12/22,223.2,221,224.4,220," 493,280 "
1/11/22,220.4,222,222.8,216," 692,030 "
1/10/22,222.8,214,222.8,214," 849,060 "
1/7/22,215,216,216,212," 396,440 "
1/6/22,216.8,217.4,218.8,215," 174,670 "
1/5/22,218.4,215,219.8,212.8," 474,900 "
1/3/22,215,216,221.6,213.4," 398,630 "
12/31/21,216.4,222.6,222.8,216.4," 621,950 "
12/29/21,223,218,223.8,217," 372,400 "
12/28/21,216.8,218,221,216.8," 260,670 "
12/27/21,217.6,219,221.4,216.8," 234,540 "
12/24/21,219,222,224.8,219," 105,000 "
12/23/21,221.8,219,224,219," 241,170 "
12/22/21,219,209.2,219,209.2," 903,830 "
12/21/21,208.8,215,215,208.8," 2,400,000 "
12/20/21,214,224,224.2,213.2," 2,110,000 "
12/17/21,224,228.4,228.4,223," 767,940 "
12/16/21,223,223.6,228,222.8," 1,420,000 "
12/15/21,223,227.6,228.8,223," 711,140 "
12/14/21,228,227.8,230,227.6," 719,880 "
12/13/21,227.8,233,234.8,226," 593,520 "
12/10/21,233.2,238.8,238.8,232.6," 428,280 "
12/9/21,239.4,232,239.4,229," 532,780 "
12/7/21,232,229.6,232,228.6," 345,810 "
12/6/21,227,223.2,231.8,223.2," 803,350 "
12/3/21,223,225,231,223," 869,250 "
12/2/21,224.2,222,227,219," 1,490,000 "
12/1/21,221.2,236,238,218.8," 2,330,000 "
11/29/21,235,233,240,225," 1,630,000 "
11/26/21,243.8,244.6,244.8,241.4," 357,870 "
11/25/21,245.4,246,246.6,244," 505,870 "
11/24/21,248,244.6,251,243.2," 615,080 "
11/23/21,244.6,244.8,245.6,242," 796,870 "
11/22/21,245,248.8,248.8,244," 475,760 "
11/19/21,249,249.8,250.8,247.2," 320,470 "
11/18/21,249.2,245,249.4,244.4," 918,360 "
11/17/21,245.8,245.2,246.4,243.2," 649,960 "
11/16/21,245.2,249.6,249.8,243.2," 642,380 "
11/15/21,249.6,251,252,249," 415,140 "
11/12/21,253,253.4,253.4,249," 297,440 "
11/11/21,253.6,253,253.6,248.6," 431,220 "
11/10/21,254,259.6,259.6,252.8," 738,360 "
11/9/21,259.8,248.8,259.8,248.6," 1,520,000 "
11/8/21,248.6,244,248.8,243.8," 701,860 "
11/5/21,244,238.2,244.2,238," 791,800 "
11/4/21,238,232.6,238.6,231.2," 436,000 "
11/3/21,232,230,236,230," 1,130,000 "
11/2/21,229,240.4,241.2,229," 2,080,000 "
10/29/21,235.2,240.4,241.2,234," 759,740 "
10/28/21,241.2,244.2,244.6,240," 642,370 "
10/27/21,244.2,236.2,244.2,236.2," 1,380,000 "
10/26/21,235.2,228,235.2,227," 1,200,000 "
10/25/21,227,225.4,229,225.2," 467,900 "
10/22/21,225.2,230.8,230.8,224," 520,760 "
10/21/21,231,229.2,231,224," 696,540 "
10/20/21,228.6,228,230,227," 532,410 "
10/19/21,227.2,227,229,224," 376,000 "
10/18/21,229.4,229.8,231,218.2," 767,380 "
10/15/21,229.8,229.8,234.8,226," 1,260,000 "
10/14/21,229.8,219,229.8,219," 2,670,000 "
10/13/21,216,217.8,217.8,215," 537,320 "
10/12/21,217.8,210,219,210," 1,400,000 "
10/11/21,208.4,206,212.4,205.4," 381,410 "
10/8/21,205,211.2,214,205," 920,880 "
10/7/21,210,204.2,211.8,204.2," 1,850,000 "
10/6/21,203.2,203,206.8,200.4," 730,660 "
10/5/21,203,198.4,203,198.2," 225,630 "
10/4/21,198.4,202,202,198.4," 300,620 "
10/1/21,202,204.8,204.8,201.2," 495,520 "
9/30/21,205,197,205,196.2," 427,190 "
9/29/21,196,197,197,194," 218,110 "
9/28/21,197,197.5,200.4,197," 480,510 "
9/27/21,197.2,202,202.8,197.2," 509,270 "
9/24/21,202,203.6,207,201," 163,630 "
9/23/21,203.4,197,208,196," 1,840,000 "
9/22/21,195.9,192.5,197,192.5," 302,580 "
9/21/21,192.1,193,194.5,190.5," 444,580 "
9/20/21,194,198,201,193.1," 680,020 "
9/17/21,197,204,204,197," 1,010,000 "
9/16/21,204,200,204,199.9," 292,520 "
9/15/21,199.5,204.2,204.2,199.4," 533,760 "
9/14/21,204.2,204.8,206,203.2," 534,500 "
9/13/21,204.8,204,204.8,202.4," 146,440 "
9/10/21,204.6,202.4,204.6,200.6," 224,210 "
9/9/21,201.8,200.6,202,200.2," 141,360 "
9/8/21,200.4,201.2,203.4,200," 332,730 "
9/7/21,200,206,206,200," 409,260 "
9/6/21,206,200.8,208,200.6," 727,150 "
9/3/21,200.6,200,202.6,199.5," 312,380 "
9/2/21,200.2,195,201.8,195," 419,350 "
9/1/21,195,199,200,195," 388,210 "
8/31/21,201.8,199.6,201.8,192," 1,200,000 "
8/27/21,199.6,200,200,197.8," 271,810 "
8/26/21,199.4,205,205,199.4," 368,880 "
8/25/21,205,199.9,205,198," 232,900 "
8/24/21,199.9,196.5,199.9,196.5," 320,120 "
8/23/21,195,193.5,196.8,193.5," 1,380,000 "
8/20/21,193.5,198.4,199.9,193.5," 243,330 "
8/19/21,198,195,198,195," 343,160 "
8/18/21,194.8,193.5,195,193," 214,550 "
8/17/21,193,188,194.4,187.5," 553,940 "
8/16/21,187.3,186.9,192,185.2," 687,030 "
8/13/21,182,193,193,182," 933,550 "
8/12/21,194,191.5,195.5,191.1," 267,400 "
8/11/21,191.6,194.6,197.7,191.6," 432,260 "
8/10/21,192.5,195.1,195.5,192.3," 261,260 "
8/9/21,195,190.2,195.4,188," 304,870 "
8/6/21,188.5,189.7,191.8,188.5," 371,600 "
8/5/21,189.6,193,194.9,189," 294,810 "
8/4/21,192.5,195.9,195.9,192.2," 312,580 "
8/3/21,195.9,188,195.9,187.8," 449,730 "
8/2/21,188.6,189.9,189.9,185," 524,810 "
7/30/21,190,198,198,188.7," 818,990 "
7/29/21,197,190.5,197.6,190.3," 856,590 "
7/28/21,190.5,194.5,194.5,188.5," 837,550 "
7/27/21,195.7,193.8,199.5,193.1," 422,550 "
7/26/21,193.6,198,198.2,192," 563,030 "
7/23/21,198,205,205,197.6," 857,870 "
7/22/21,205,204,207,202.2," 411,620 "
7/21/21,204,210,210,201.2," 1,220,000 "
7/19/21,210.6,209.4,211,202.6," 1,060,000 "
7/16/21,210,209.4,212.4,208.8," 1,590,000 "
7/15/21,209.6,209.6,209.8,208.8," 353,250 "
7/14/21,209.6,208.8,209.6,206.4," 456,450 "
7/13/21,208.8,209.8,209.8,205.6," 294,190 "
7/12/21,209.8,203.4,210,203.4," 271,390 "
7/9/21,203,210,210,202," 1,330,000 "
7/8/21,210.2,212,212.4,210.2," 187,480 "
7/7/21,212.4,214,214,209.6," 676,080 "
7/6/21,214,217,217.6,214," 368,340 "
7/5/21,216.8,213,217,212.8," 557,230 "
7/2/21,213,214.6,215.4,211.6," 447,130 "
7/1/21,214,213.6,217.4,213," 624,860 "
6/30/21,213.6,213.4,213.6,208.8," 943,470 "
6/29/21,213.6,215,215,212," 503,420 "
6/28/21,215.6,215.6,215.8,212.2," 337,660 "
6/25/21,216,211.8,216,209.2," 485,600 "
6/24/21,212,210.8,212,209.8," 585,230 "
6/23/21,210.4,208.4,212,208.4," 453,390 "
6/22/21,206.4,202.2,209,201.6," 647,710 "
6/21/21,202.2,200,205,197.8," 652,820 "
6/18/21,200.6,202,206,200," 894,590 "
6/17/21,202,206.2,211,200," 755,470 "
6/16/21,206.8,217,223.8,206.8," 1,960,000 "
6/15/21,215,207.2,216.6,206.8," 2,180,000 "
6/14/21,207.2,203,208.4,201.8," 1,040,000 "
6/11/21,203.2,203.6,203.6,202.8," 608,660 "
6/10/21,203.6,204,204.4,202," 661,060 "
6/9/21,205,198.6,206,198.6," 1,920,000 "
6/8/21,198.5,196.1,198.8,196.1," 557,670 "
6/7/21,196,194.1,196.7,194," 542,080 "
6/4/21,194,192.5,194.7,192.5," 576,480 "
6/3/21,193.8,194.2,195.6,190," 295,790 "
6/2/21,194.7,188.5,198,188.5," 907,450 "
6/1/21,188.5,192.9,193.2,188.4," 712,280 "
5/31/21,192.9,191,194,188.9," 1,570,000 "
5/28/21,191,192.9,192.9,188.2," 901,970 "
5/27/21,194.3,182,194.3,182," 2,450,000 "
5/26/21,182,180.2,182.4,179.8," 853,030 "
5/25/21,180.2,180,180.3,178," 801,490 "
5/24/21,179.7,177.9,180.6,176.4," 994,700 "
5/21/21,177.6,177.9,178.1,177," 562,790 "
5/20/21,177,175.4,177.5,174.8," 676,580 "
5/19/21,175,170,175,170," 815,740 "
5/18/21,167.3,167.1,169,167," 529,010 "
5/17/21,167.2,168.1,168.5,166.5," 558,690 "
5/14/21,168,170.4,170.4,163.3," 920,640 "
5/12/21,170.4,175,175,170," 1,160,000 "
5/11/21,175,175.1,175.6,174.4," 296,770 "
5/10/21,175.1,175.7,175.8,175.1," 253,600 "
5/7/21,175.7,175,177.3,175," 374,300 "
5/6/21,176,177.5,177.5,175.5," 440,040 "
5/5/21,177.5,177,178.2,176.1," 313,470 "
5/4/21,177,179,179.5,176.5," 432,070 "
5/3/21,178.5,176,180,175.9," 1,500,000 "
4/30/21,176,176.5,177.5,176," 340,480 "
4/29/21,177,175.8,177,175.3," 632,770 "
4/28/21,175.8,174.1,176.4,174.1," 357,340 "
4/27/21,173.2,175.9,177,173.2," 825,700 "
4/26/21,175.9,176,177,175.3," 319,270 "
4/23/21,176,177.8,178,175.1," 461,680 "
4/22/21,177.8,177.3,177.8,174.6," 524,740 "
4/21/21,177.3,176.2,179.3,176.2," 300,310 "
4/20/21,176.1,177,180,176.1," 1,230,000 "
4/19/21,176,180,181,175.3," 522,700 "
4/16/21,179.5,180,180.1,179.2," 180,960 "
4/15/21,180,182,182,179.2," 630,720 "
4/14/21,183.9,180,183.9,179.4," 353,350 "
4/13/21,179.4,178.5,180.3,178.5," 208,120 "
4/12/21,179.7,180,182.1,178.1," 361,320 "
4/8/21,179,184.8,185,179," 426,470 "
4/7/21,184.8,185,187.5,183.1," 524,070 "
4/6/21,185,181.4,186,180.8," 1,060,000 "
4/5/21,181.6,176.9,181.8,175.5," 495,750 "
3/31/21,176.9,176.9,178.1,176," 424,690 "
3/30/21,176.9,175.7,177.5,175.6," 273,810 "
3/29/21,175.7,173.5,177.3,170.7," 1,700,000 "
3/26/21,174.9,178,179,174.7," 904,700 "
3/25/21,178.2,177.9,181.2,177.9," 263,590 "
3/24/21,176.9,180,180,172," 3,650,000 "
3/23/21,181,176.1,181,176.1," 1,110,000 "
3/22/21,175.9,173,176,170.5," 658,190 "
3/19/21,176,185.5,185.5,176," 2,330,000 "
3/18/21,185.6,186,186.4,184.9," 563,230 "
3/17/21,185,180.2,185,180.2," 754,480 "
3/16/21,181.3,179,181.3,178," 823,770 "
3/15/21,180,181.7,181.9,176," 1,320,000 "
3/12/21,181.9,181,183.5,181," 475,030 "
3/11/21,180.9,184,184,180," 623,940 "
3/10/21,184,182.9,186,182," 738,380 "
3/9/21,183,181.2,183,180," 1,130,000 "
3/8/21,181.9,186,186,180.3," 473,960 "
3/5/21,186.8,189.5,189.5,183.7," 403,870 "
3/4/21,189.9,186,191,184," 1,250,000 "
3/3/21,186,185.4,186,184.4," 948,100 "
3/2/21,186,179.1,186,179.1," 1,190,000 "
3/1/21,178.8,179.9,180.2,178.8," 590,930 "
2/26/21,179,175,180.2,175," 930,450 "
2/24/21,172.9,178.1,178.9,172.9," 1,050,000 "
2/23/21,178,178.7,178.8,175," 1,300,000 "
2/22/21,179,180,180.2,179," 445,450 "
2/19/21,179.9,179.4,180,179.4," 1,170,000 "
2/18/21,178.9,179,182,178.9," 802,130 "
2/17/21,178.8,180,181,178.1," 1,100,000 "
2/16/21,179,180,180.5,178.8," 514,770 "
2/15/21,179.5,180,181.5,179.5," 1,100,000 "
2/11/21,178.7,185.6,186.8,178.7," 581,650 "
2/10/21,185.5,185,187,184.9," 613,750 "
2/9/21,184.9,183,185.8,183," 1,070,000 "
2/8/21,183,183.7,184,182.5," 767,150 "
2/5/21,184,181,184.9,180.9," 1,190,000 "
2/4/21,180,180,182,179.7," 1,790,000 "
2/3/21,180,180.3,183,179.9," 775,810 "
2/2/21,179.8,178.9,183.4,178.8," 1,330,000 "
2/1/21,178.8,177.7,179,177," 604,180 "
1/29/21,177.7,179.6,180.5,177.7," 1,330,000 "
1/28/21,179.6,177.5,180.1,175.6," 776,420 "
1/27/21,177.5,179.5,179.8,175.6," 781,780 "
1/26/21,180,185.6,185.6,180," 1,290,000 "
1/25/21,185.7,186.5,186.6,185.4," 794,610 "
1/22/21,186.7,186.9,187.6,186," 1,020,000 "
1/21/21,186.9,187.4,188.1,186.5," 1,100,000 "
1/20/21,188,190,190.4,186," 1,070,000 "
1/19/21,190.7,193.9,193.9,190.7," 847,480 "
1/18/21,194,194.1,194.1,191," 695,290 "
1/15/21,194.1,195.5,196.3,194.1," 870,670 "
1/14/21,196.9,197,198,195.5," 1,120,000 "
1/13/21,199.5,199,199.5,195.1," 679,010 "
1/12/21,199,200,202,198.4," 844,340 "
1/11/21,199.1,192.6,201,192.6," 1,100,000 "
1/8/21,192.5,192.6,193.5,192.3," 720,470 "
1/7/21,192.6,194.3,194.3,192.6," 802,590 "
1/6/21,194.4,194.4,194.8,190," 565,340 "
1/5/21,194.9,194,194.9,192.5," 513,300 "
1/4/21,194.4,195.2,195.2,194," 625,440 "
12/29/20,195.2,193.4,197,193.3," 702,460 "
12/28/20,193.3,196,196.3,192.7," 597,460 "
12/23/20,197.5,197.5,198.7,194," 776,750 "
12/22/20,197,201,201.4,193.3," 1,020,000 "
12/21/20,201.8,203.2,204,201.8," 577,690 "
12/18/20,204,206.4,206.4,202.4," 786,270 "
12/17/20,206.2,208,208.2,206.2," 463,650 "
12/16/20,206.2,209,209,206.2," 1,030,000 "
12/15/20,207,207.4,209.8,207," 1,090,000 "
12/14/20,207,206.8,208,206," 603,610 "
12/11/20,207,207.8,209.6,205," 1,170,000 "
12/10/20,207.8,210.8,210.8,207.8," 676,190 "
12/9/20,210.6,209,211,209," 618,320 "
12/7/20,209,207,209,205.2," 849,270 "
12/4/20,206.4,204.8,207.2,202.4," 1,120,000 "
12/3/20,204.8,199.8,205,199.3," 1,630,000 "
12/2/20,199,197,199,194.3," 885,050 "
12/1/20,197,187,197,185.7," 928,550 "
11/27/20,189,189.7,194.3,189," 1,720,000 "
11/26/20,189,191,191.1,188.5," 693,960 "
11/25/20,191,191,194.6,191," 566,790 "
11/24/20,190,193,193,190," 996,580 "
11/23/20,193,195,195,192.2," 813,110 "
11/20/20,195,194,195,192," 530,820 "
11/19/20,193.8,196.5,196.5,193," 501,090 "
11/18/20,195.92,196.22,197.32,195.62," 451,570 "
11/17/20,196.5,190.3,196.5,190.3," 1,010,000 "
11/16/20,190.2,193.3,195.7,189," 1,040,000 "
11/13/20,193.2,196,196.1,192.8," 1,100,000 "
11/11/20,196.5,200.2,200.2,196," 1,320,000 "
11/10/20,200.2,198.5,201.8,196," 2,110,000 "
11/9/20,198.9,197,201.2,195," 1,130,000 "
11/6/20,196.8,194.4,197,188.1," 1,760,000 "
11/5/20,194.2,185,199,184.8," 2,010,000 "
11/4/20,185,175.1,185,175.1," 1,650,000 "
11/3/20,174.5,170,175,169," 889,400 "
10/30/20,170,171.6,171.6,168," 1,010,000 "
10/29/20,172.5,173.5,173.5,171.6," 637,430 "
10/28/20,174.5,173.2,176.4,171.6," 690,540 "
10/27/20,173.2,175.5,175.5,170.6," 2,200,000 "
10/26/20,176.4,179,179,170," 1,450,000 "
10/23/20,179,172,179,171.9," 2,350,000 "
10/22/20,170.5,170,177.8,168.5," 2,960,000 "
10/21/20,170,170,175,165.1," 3,110,000 "
10/20/20,169,154.6,174,154.6," 3,940,000 "
10/19/20,154.6,147.1,154.8,147.1," 1,880,000 "
10/16/20,147,146,147,145.4," 380,910 "
10/15/20,147.2,146.7,147.5,146.6," 389,960 "
10/14/20,146.7,145.1,146.9,145.1," 880,800 "
10/13/20,145.5,145.4,147.5,144.3," 792,550 "
10/12/20,145.4,143.8,145.4,142.9," 831,650 "
10/9/20,143.8,143,144.5,142.8," 746,480 "
10/8/20,142.7,138,143.2,138," 846,440 "
10/7/20,137.7,137.8,137.9,137.2," 693,560 "
10/6/20,137.8,141,141.3,137.8," 734,570 "
10/5/20,141.1,143,143,141.1," 947,680 "
10/2/20,143,143.5,143.8,140.5," 516,190 "
10/1/20,143.6,145,145,143," 330,260 "
9/30/20,145,144.7,145,143.2," 1,420,000 "
9/29/20,144.8,140,144.8,140," 1,580,000 "
9/28/20,139.1,138.5,139.4,138.2," 465,940 "
9/25/20,138,138,138.4,137," 505,510 "
9/24/20,138,138.3,139,136.6," 465,710 "
9/23/20,138.1,133,138.5,133," 983,000 "
9/22/20,132.5,133.9,133.9,131.6," 1,210,000 "
9/21/20,131.9,132,134,131.7," 544,140 "
9/18/20,130.2,132,133,130.2," 2,680,000 "
9/17/20,130.2,134,136,130.2," 1,570,000 "
9/16/20,133.3,134.8,134.9,133.2," 1,380,000 "
9/15/20,134.9,135,135.5,134.5," 780,190 "
9/14/20,135,135.5,135.5,134.8," 1,720,000 "
9/11/20,135.6,136,136,135," 548,660 "
9/10/20,136,137.6,137.6,134.2," 701,320 "
9/9/20,136.8,138,138.1,136," 627,960 "
9/8/20,138.1,138.1,138.2,136.1," 839,820 "
9/7/20,138.1,136.1,138.4,136.1," 499,370 "
9/4/20,136,137.2,138.6,133.5," 2,670,000 "
9/3/20,137.8,137,139,137," 661,710 "
9/2/20,136.8,133.6,136.8,133.6," 477,410 "
9/1/20,133.6,137,137,133.6," 1,270,000 "
8/28/20,135.1,138,138.1,135.1," 1,590,000 "
8/27/20,138.7,138.3,138.8,136.5," 308,450 "
8/26/20,138.5,140,140.1,136.2," 1,160,000 "
8/25/20,141,141,141.2,139.5," 392,840 "
8/24/20,141.2,139.6,141.5,139.6," 462,920 "
8/20/20,139.5,141.4,141.4,139.5," 1,410,000 "
8/19/20,140.2,141.5,143,140.2," 549,710 "
8/18/20,140.5,141,143.8,139.1," 798,140 "
8/17/20,140.9,144,144,137.5," 392,420 "
8/14/20,144.5,142.5,144.8,142," 914,330 "
8/13/20,142.5,141,143.5,140.9," 577,960 "
8/12/20,140.2,141.1,142.4,139," 769,320 "
8/11/20,141.1,138,144,138," 1,370,000 "
8/10/20,137.5,133,138.5,131.2," 1,090,000 "
8/7/20,134.2,133.2,135,132," 1,140,000 "
8/6/20,135,130,135,129," 842,300 "
8/5/20,131,128,133.4,128," 870,380 "
8/4/20,126.2,127.2,130.8,126.2," 657,170 "
8/3/20,127,129.5,129.5,126.5," 1,640,000 "
7/30/20,135,133,135,132," 1,400,000 "
7/29/20,131,130,133.5,129.8," 3,010,000 "
7/28/20,129.1,128,129.8,127.9," 1,160,000 "
7/27/20,128,128.3,128.3,125.3," 653,170 "
7/24/20,128.5,128.1,129.7,127.5," 400,400 "
7/23/20,126.6,130,130,125," 1,360,000 "
7/22/20,130,134.7,134.7,130," 751,080 "
7/21/20,134.7,134.8,135.8,133.2," 500,710 "
7/20/20,133.5,135,135.5,133.2," 360,850 "
7/17/20,133.6,135.5,136.3,133.5," 875,150 "
7/16/20,133,136.5,137.9,133," 1,850,000 "
7/15/20,136.2,140,140,136.2," 1,210,000 "
7/14/20,140,140.9,142.5,140," 424,880 "
7/13/20,140.9,137.5,141.8,137.5," 869,600 "
7/10/20,137.5,139.5,139.5,137.2," 897,060 "
7/9/20,140,146.4,146.4,140," 695,070 "
7/8/20,146.6,146.5,147,145.9," 704,290 "
7/7/20,147,147.3,147.3,146.4," 1,200,000 "
7/6/20,147.3,147.5,148,145.7," 513,790 "
7/3/20,147.5,147.5,149.3,146," 1,200,000 "
7/2/20,147,143.8,147,143.7," 603,020 "
7/1/20,143.8,140,144,139.5," 706,780 "
6/30/20,140,137,140,135.5," 882,320 "
6/29/20,137.9,139,139,135.1," 718,430 "
6/26/20,140.2,141.2,142.9,140," 411,960 "
6/25/20,141.2,142.9,142.9,139.5," 933,760 "
6/24/20,143.9,144.5,147.5,141.3," 741,670 "
6/23/20,144,149,149,144," 1,560,000 "
6/22/20,149.1,151,151,147.9," 824,750 "
6/19/20,150,149,151.7,146," 1,620,000 "
6/18/20,149.9,145.1,150,145," 2,090,000 "
6/17/20,145,142.7,145.4,142.7," 2,770,000 "
6/16/20,142.5,144,146.3,141.5," 1,860,000 "
6/15/20,144.2,145,146,141," 2,440,000 "
6/11/20,145,144,145.3,140.5," 2,810,000 "
6/10/20,145,139.9,145,139.1," 2,980,000 "
6/9/20,138.9,133.1,139,132.5," 2,950,000 "
6/8/20,132.5,133,133,128," 2,210,000 "
6/5/20,130,133,133.9,126," 1,680,000 "
6/4/20,133,132,135,129.5," 2,080,000 "
6/3/20,130,125.7,131.8,125.7," 2,830,000 "
6/2/20,123.6,119,125,117," 2,260,000 "
6/1/20,115.1,113,118.7,112," 3,570,000 "
5/29/20,108.7,116.5,118.8,108.7," 13,570,000 "
5/28/20,116.1,120,120,115.2," 3,060,000 "
5/27/20,122,120.1,123,120," 1,050,000 "
5/26/20,119,133,134,117," 4,720,000 "
5/22/20,133,138,138,133," 1,360,000 "
5/21/20,136.5,138,139,136.3," 658,920 "
5/20/20,137.2,140,140,137.2," 477,520 "
5/19/20,140,138,140,137.4," 778,900 "
5/18/20,136.4,139,139,135.9," 895,530 "
5/15/20,137.2,139,140,136.2," 618,100 "
5/14/20,136.6,139,139.6,135.9," 599,170 "
5/13/20,138,140.6,141,137.1," 398,280 "
5/12/20,139.4,141.2,141.8,138.6," 948,490 "
5/11/20,140.5,137.2,141,136.5," 440,240 "
5/8/20,136,138.5,139.5,135.2," 626,350 "
5/7/20,136.5,138.9,140.9,136," 928,450 "
5/6/20,138.5,141,141.8,138.5," 505,940 "
5/5/20,139.6,141,141,139.3," 544,550 "
5/4/20,138.2,143.1,143.1,137," 1,250,000 "
4/30/20,143.1,148,149,143," 1,930,000 "
4/29/20,147,141.2,147,139.1," 1,480,000 "
4/28/20,141.2,136,141.4,135.6," 2,290,000 "
4/27/20,134.5,135,136.5,134.3," 1,600,000 "
4/24/20,134.3,137.8,137.8,133.7," 1,040,000 "
4/23/20,136,137,140,135.5," 2,550,000 "
4/22/20,134,135,135,131," 5,810,000 "
4/21/20,136.1,142.5,142.5,133," 3,140,000 "
4/20/20,143,148.5,149.9,143," 1,590,000 "
4/17/20,145,142,147,141.4," 4,900,000 "
4/16/20,141.5,147,147,137.4," 2,320,000 "
4/15/20,148.6,150,152.1,143.5," 3,940,000 "
4/14/20,146.5,139.9,148,139.8," 3,520,000 "
4/13/20,135,121,136.1,121," 2,590,000 "
4/8/20,120,111,120,108.1," 2,920,000 "
4/7/20,110.5,110.2,112.5,109," 2,750,000 "
4/6/20,106,104.6,106.4,103.5," 1,870,000 "
4/3/20,102,102.3,105,102," 846,300 "
4/2/20,102,102.9,103.2,102," 1,280,000 "
4/1/20,103.2,107,109.6,103," 2,530,000 "
3/31/20,106.4,105,109.5,105," 1,550,000 "
3/30/20,103,106.9,106.9,100.1," 801,630 "
3/27/20,107,107.4,111,103," 3,590,000 "
3/26/20,102.2,100,104.5,99," 3,230,000 "
3/25/20,98.45,101.8,101.8,98," 4,030,000 "
3/24/20,95,98.95,99.85,95," 1,600,000 "
3/23/20,95,98,99.9,91.5," 2,580,000 "
3/20/20,100,97.5,103.7,95.65," 1,990,000 "
3/19/20,91.1,105,106.2,91.1," 3,310,000 "
3/17/20,121,133,134,120.5," 2,240,000 "
3/16/20,121,133,134,120.5," 2,240,000 "
3/13/20,140.5,145,145,124.5," 2,200,000 "
3/12/20,153,162,162,150," 1,200,000 "
3/11/20,166.3,159,166.3,159," 916,340 "
3/10/20,158,160,160.9,153," 1,250,000 "
3/9/20,163,170,170.1,161.5," 1,140,000 "
3/6/20,176.5,183,183,173.4," 637,540 "
3/5/20,184,175,184,171.3," 1,140,000 "
3/4/20,174.6,168.7,174.6,167.2," 869,400 "
3/3/20,168,168.1,172,168," 1,160,000 "
3/2/20,167.1,169.9,172,165," 990,990 "
2/28/20,170,173.6,173.6,170," 1,740,000 "
2/27/20,174.5,175.4,180,174.5," 652,780 "
2/26/20,175.1,180,181.3,170.2," 2,330,000 "
2/24/20,185.6,190.2,190.2,185.2," 1,240,000 "
2/21/20,189,190.8,191.8,188.9," 1,140,000 "
2/20/20,188,184,194,184," 1,090,000 "
2/19/20,184,184.6,185.4,181.5," 1,800,000 "
2/18/20,185.2,189.6,189.7,185.2," 500,990 "
2/17/20,188.8,187.2,190,187.1," 281,170 "
2/14/20,185.2,194.9,194.9,185.2," 727,570 "
2/13/20,195,192,195,191," 275,400 "
2/12/20,192,192,194,191," 507,220 "
2/11/20,192,191,193.9,191," 811,210 "
2/10/20,190,193,194,190," 514,380 "
2/7/20,192.5,193,194,192.3," 283,570 "
2/6/20,191.9,190.8,194.3,190.8," 1,480,000 "
2/5/20,190.6,195.1,196.8,190.5," 1,370,000 "
2/4/20,195,197.5,200,195," 1,280,000 "
2/3/20,196,191.9,197.2,190," 426,520 "
1/31/20,191.2,200.2,201,191.2," 876,750 "
1/30/20,200.2,202.2,203,200," 580,180 "
1/29/20,203.6,205.4,207,201," 318,090 "
1/28/20,205,213.2,213.2,204.4," 795,770 "
1/27/20,213.2,216,216,211," 219,790 "
1/24/20,217,211.6,217,211," 596,560 "
1/23/20,211.6,209,212,208," 278,020 "
1/22/20,209,209.4,215,207.8," 367,870 "
1/21/20,209.4,212.6,212.6,207.4," 225,600 "
1/20/20,212.8,214,214.4,210," 310,910 "
1/17/20,213.6,202,213.6,202," 481,370 "
1/16/20,201,208,208,200.2," 703,890 "
1/15/20,206,211,212,206," 308,320 "
1/14/20,212,207.6,212,206.6," 447,000 "
1/13/20,206.6,208,211,203.8," 304,320 "
1/10/20,206.6,208,211,203.8," 304,320 "
1/9/20,207,210.4,211.8,207," 463,590 "
1/8/20,210.2,214.4,214.4,210.2," 414,790 "
1/7/20,217,213,217,213," 777,460 "
1/6/20,213,213.8,213.8,205.8," 444,130 "
1/3/20,214.8,215,218,213.8," 1,400,000 "
1/2/20,213,216,216.6,210.4," 377,920 "